duration,v_3,v_4,v_5,v_7,v_8,v_9,Headlines AVG Score,v_12,v_13,v_15,v_17,v_18,v_16,v_25,v_26,v_23,v_24,v_14,v_1,v_2
107,2,1,1,1,1,1,4,4,5,5,5,4,5,0,0,6,2,5,2,1
1308,1,1,1,1,1,1,4,1,1,1,1,1,1,0,0,1,1,1,0,0
67,2,1,1,1,1,1,4,6,6,6,6,5,6,4,4,4,4,4,2,1
170,1,2,3,3,3,1,10,1,1,1,1,1,1,3,1,5,3,3,2,1
1451,5,2,2,1,1,1,5,1,1,1,1,1,1,1,1,1,1,1,1,3
218,5,2,2,2,2,1,7,4,3,5,2,5,5,2,1,2,5,5,2,2
310,5,2,3,3,3,3,12,4,3,4,2,6,5,5,4,6,4,3,3,1
163,5,2,3,3,3,3,12,2,2,3,4,5,5,1,1,2,5,3,2,2
389,5,1,1,2,1,1,5,5,4,4,6,4,7,6,1,5,2,6,2,1
192,1,2,1,1,3,1,6,1,2,2,7,4,4,5,1,4,7,4,2,2
460,5,2,2,1,1,2,6,2,1,1,7,5,5,1,1,3,6,2,2,2
128,5,2,1,1,2,1,5,2,2,4,7,6,2,2,1,6,5,3,2,2
195,1,2,1,1,2,2,6,2,1,2,6,5,5,2,1,3,7,1,2,1
206,5,2,3,3,3,3,12,4,4,5,4,4,3,1,1,4,7,5,2,2
266,5,1,1,1,1,2,5,4,2,2,5,2,5,4,1,3,6,2,2,2
53,3,1,2,1,2,2,7,5,4,6,5,4,6,5,5,4,5,6,3,1
178,5,2,2,3,2,2,9,2,2,2,4,5,7,4,1,1,7,1,3,2
178,1,3,2,2,2,2,8,1,2,1,5,6,5,1,1,1,4,1,2,2
150,5,2,3,3,3,3,12,1,4,2,1,2,1,1,1,1,7,2,3,2
235,5,2,3,3,3,3,12,2,2,2,4,3,4,1,1,3,7,3,2,2
338,1,1,3,3,3,2,11,2,2,2,4,3,3,2,1,3,7,3,2,2
292,5,2,3,3,3,3,12,1,2,2,5,5,6,3,1,1,6,6,2,2
127,5,2,3,2,2,2,9,1,1,1,6,2,1,1,1,4,3,1,2,1
144,1,2,2,2,2,2,8,1,2,1,6,7,7,2,1,6,6,2,2,1
263,2,2,2,2,2,3,9,2,4,3,7,7,7,3,2,6,3,3,3,2
239,5,2,1,2,3,2,8,2,4,3,5,5,7,2,1,2,5,1,2,1
224,5,2,3,3,3,3,12,4,2,2,2,4,5,3,2,3,5,1,2,1
273,5,2,3,2,1,2,8,3,2,3,4,5,4,2,1,4,2,3,2,1
325,5,2,2,1,1,1,5,3,3,2,4,5,4,1,1,4,6,2,2,2
139,5,2,3,3,3,3,12,1,1,1,1,1,1,1,1,5,7,1,2,2
157,5,1,3,1,2,3,9,7,1,3,4,5,4,3,3,4,3,3,2,2
259,5,2,1,1,1,1,4,4,6,3,7,4,3,1,1,5,5,7,2,2
159,5,2,2,3,3,2,10,1,3,2,7,7,7,3,1,5,1,1,3,1
443,1,2,1,1,2,1,5,4,3,2,5,1,5,6,3,7,4,5,2,2
229,5,3,3,1,3,2,9,7,1,3,5,2,1,4,1,1,7,1,1,2
326,5,2,2,2,2,2,8,2,2,2,7,7,6,3,1,4,7,2,2,1
156,5,2,2,2,3,2,9,3,2,2,6,5,5,2,1,2,6,2,2,2
206,5,2,3,3,1,3,10,2,3,3,7,3,3,2,1,4,6,4,2,2
222,1,2,1,1,1,1,4,1,1,1,7,5,6,1,1,4,5,5,2,2
246,5,3,3,3,3,2,11,2,2,3,7,5,5,2,1,3,4,5,2,2
278,1,2,1,2,1,2,6,3,4,2,5,4,4,7,1,2,7,3,2,2
191,1,1,2,2,2,2,8,2,1,2,5,7,6,5,3,5,5,4,3,1
112,1,2,2,2,2,2,8,2,2,1,1,1,4,3,4,3,3,3,2,2
141,5,2,2,2,1,2,7,1,2,1,7,5,7,5,3,6,2,1,3,1
262,1,2,1,1,1,1,4,1,5,4,1,1,2,3,3,4,2,3,3,1
202,5,2,3,3,3,3,12,3,4,3,3,5,5,1,1,3,6,2,2,2
267,5,3,1,1,3,1,6,3,3,3,5,4,5,4,2,5,3,5,2,1
174,5,2,3,1,3,1,8,1,2,1,7,5,6,2,2,3,4,2,2,1
39,3,1,1,1,2,1,5,4,4,4,4,5,3,6,4,4,3,5,3,1
304,3,1,2,2,3,2,9,3,2,2,6,5,5,3,2,2,2,3,2,1
172,5,2,1,1,2,1,5,1,1,2,7,3,3,2,2,5,7,3,3,2
212,2,1,3,3,1,1,8,1,1,1,6,6,5,2,1,5,7,2,3,2
247,3,2,3,3,3,3,12,1,1,1,4,1,2,1,1,5,7,1,2,2
133,1,2,3,3,3,3,12,3,4,4,4,4,4,1,1,1,1,1,3,1
150,1,2,3,3,3,3,12,1,1,1,1,7,4,1,1,3,7,1,2,2
223,1,2,2,2,3,2,9,5,3,4,5,5,4,3,1,3,6,4,2,2
226,5,2,2,2,2,2,8,2,3,3,6,4,7,4,1,5,3,2,3,2
218,5,2,3,3,3,3,12,1,1,1,1,7,5,6,1,2,1,7,2,2
258,5,2,1,2,2,1,6,2,1,2,7,5,5,2,2,3,5,3,2,1
198,5,2,1,1,2,1,5,1,1,1,4,7,7,2,1,4,3,1,2,1
153,5,2,1,2,2,2,7,2,2,1,4,2,7,6,1,5,6,3,2,2
185,5,2,2,2,1,2,7,2,3,3,7,4,5,1,1,3,6,6,2,2
270,5,2,2,2,2,2,8,2,3,2,7,7,6,2,1,4,5,3,2,2
165,5,2,2,3,1,3,9,2,3,3,5,3,4,3,1,1,5,5,2,2
260,5,2,3,3,3,3,12,4,3,3,5,5,5,6,1,2,4,3,2,2
1272,1,2,3,3,3,3,12,1,1,1,1,4,7,1,1,4,7,1,3,1
157,5,3,2,3,2,2,9,2,2,1,4,4,5,3,2,2,4,3,2,2
205,5,2,1,1,2,2,6,4,3,3,5,5,5,7,1,5,2,5,2,2
158,1,2,1,1,1,1,4,2,4,2,7,5,7,1,2,2,7,5,2,2
160,5,2,3,3,3,1,10,1,4,1,1,2,2,1,1,6,7,5,2,2
202,5,3,2,3,3,3,11,1,1,1,7,1,4,4,2,2,7,4,2,1
153,5,2,3,3,3,3,12,1,2,1,5,7,7,1,1,4,2,1,2,3
155,1,2,2,3,3,2,10,1,1,1,5,6,5,3,2,4,6,2,2,2
214,1,2,1,2,2,2,7,1,2,2,6,6,6,1,1,2,7,2,2,1
333,1,3,1,1,1,1,4,2,3,3,3,2,3,3,1,1,4,5,2,2
146,5,2,3,3,3,3,12,2,2,3,7,7,4,1,1,1,7,7,2,2
336,1,3,3,3,3,2,11,5,4,5,5,5,4,6,5,5,5,5,2,2
235,1,3,3,3,1,3,10,2,2,2,4,3,3,2,1,3,2,3,2,2
240,1,2,2,2,1,1,6,2,4,2,3,5,5,1,1,4,6,3,2,2
197,5,2,1,2,2,2,7,2,2,1,7,5,7,4,4,4,5,1,2,1
210,1,1,3,2,1,3,9,4,3,3,6,2,6,5,1,6,6,4,2,1
223,1,2,1,3,2,2,8,3,2,2,3,5,6,4,1,3,1,2,2,2
151,5,2,2,3,3,2,10,3,2,4,5,3,5,3,1,3,6,5,2,2
144,5,2,1,1,1,1,4,4,6,4,6,3,6,5,1,3,6,2,2,2
287,3,1,2,1,2,2,7,5,5,5,5,5,4,5,4,4,5,5,2,2
445,1,2,3,1,1,1,6,6,2,2,7,3,2,5,1,4,7,2,3,1
173,5,3,2,2,2,2,8,5,2,2,5,7,6,2,2,3,5,5,3,2
251,5,2,3,3,3,3,12,2,4,4,6,4,7,3,2,4,3,2,5,1
117,5,3,3,3,3,3,12,5,4,3,5,4,4,5,1,2,6,4,2,2
197,1,3,3,3,2,2,10,3,4,4,6,5,6,4,1,2,6,5,2,2
160,1,3,2,1,1,1,5,3,2,3,5,6,4,1,1,4,5,2,2,2
153,5,2,2,3,3,3,11,4,2,2,6,6,7,5,1,3,7,1,1,2
339,5,2,1,1,2,1,5,4,5,6,7,3,5,2,7,7,7,5,2,1
403,5,2,2,2,2,3,9,4,4,3,6,4,5,1,1,1,7,5,2,2
296,1,2,2,3,2,2,9,1,3,2,4,4,2,2,4,5,4,1,2,1
287,1,1,2,2,2,2,8,3,3,3,5,4,5,5,3,4,3,4,2,1
266,5,2,1,2,2,2,7,3,4,4,5,3,3,3,1,3,4,6,2,2
50,4,1,1,1,1,1,4,5,5,4,5,4,6,5,6,6,3,3,4,1
202,5,2,2,3,3,3,11,1,1,1,7,6,7,2,1,4,4,3,4,2
183,5,2,3,2,1,2,8,2,3,3,4,3,1,3,1,2,5,2,2,1
211,5,2,2,2,2,2,8,1,4,3,3,4,5,3,1,5,5,4,2,2
196,5,2,3,3,3,1,10,3,2,1,6,6,6,4,1,2,5,3,1,3
241,1,2,3,1,2,2,8,1,2,1,5,7,6,1,1,2,7,2,2,1
216,5,2,3,3,3,3,12,1,1,4,7,6,3,1,1,4,7,1,2,2
230,5,2,3,2,2,2,9,1,1,1,3,5,7,3,1,3,5,2,2,1
159,5,2,3,3,3,3,12,1,1,1,7,1,1,1,1,1,7,1,3,2
230,1,2,1,2,2,1,6,3,4,2,5,3,6,4,1,2,4,3,2,2
185,5,3,1,3,1,1,6,3,3,3,4,4,5,5,1,5,5,5,2,2
325,5,2,2,2,2,2,8,2,2,1,1,5,2,2,1,2,7,4,2,2
196,2,1,1,2,1,1,5,3,4,3,3,2,2,4,4,5,5,4,2,3
91,1,2,2,2,2,1,7,3,4,2,5,4,1,3,6,6,3,2,3,2
440,5,2,1,1,2,2,6,1,3,1,7,6,5,2,1,4,7,2,2,2
-1,5,2,2,2,2,2,8,3,7,1,7,7,7,5,1,1,7,2,2,3
-1,1,2,3,3,3,3,12,1,1,1,1,4,6,1,1,4,6,4,2,2
189,5,2,1,2,2,2,7,4,2,1,7,3,4,1,2,3,7,5,2,2
213,5,2,1,2,2,2,7,3,3,4,7,7,5,6,1,1,6,2,3,3
163,5,2,3,3,3,3,12,2,2,2,6,6,6,5,1,1,6,2,2,2
195,5,2,2,3,2,2,9,3,2,1,5,4,3,2,1,3,5,1,2,1
133,5,3,3,3,3,2,11,5,4,4,5,3,5,5,1,2,6,5,2,2
154,5,2,3,2,1,2,8,2,3,3,6,5,3,3,1,1,3,3,2,2
143,5,3,3,3,3,3,12,2,2,4,5,2,7,4,1,6,4,4,2,2
397,1,3,1,3,3,1,8,1,1,1,7,7,7,2,1,2,7,2,2,1
-1,5,2,3,3,3,3,12,1,1,3,4,5,5,1,1,1,5,4,3,2
98,1,2,3,3,3,3,12,1,1,1,1,1,1,1,1,1,1,1,2,2
129,5,2,3,3,3,3,12,1,1,1,1,1,1,1,1,1,1,1,2,2
153,5,2,2,3,2,2,9,2,2,2,2,3,4,4,1,3,7,4,2,2
224,5,2,3,1,1,1,6,2,2,4,7,4,4,7,1,5,7,3,2,2
155,5,2,3,3,3,3,12,1,3,2,4,4,4,2,1,1,7,4,2,2
203,5,2,3,3,3,3,12,1,1,3,3,4,1,2,1,5,7,7,3,2
112,5,2,1,1,1,1,4,2,2,3,6,4,4,2,1,2,4,7,2,2
192,5,2,3,3,3,3,12,4,3,2,5,5,5,2,1,4,6,2,2,3
130,1,2,2,3,2,2,9,2,2,1,6,2,6,2,4,3,3,1,2,1
148,5,2,3,3,3,3,12,3,3,2,5,5,4,1,1,4,6,3,2,1
261,5,2,1,2,1,1,5,3,2,3,6,5,7,5,1,5,6,4,2,2
192,5,2,2,1,1,2,6,2,2,1,7,5,5,6,1,3,4,3,2,1
177,5,2,1,3,1,2,7,3,2,2,1,1,3,5,2,1,7,3,2,2
181,5,2,1,3,3,2,9,3,3,1,7,4,6,2,4,3,5,1,2,1
174,5,2,1,1,1,1,4,1,3,2,2,3,7,5,1,1,7,5,2,2
217,5,2,1,2,2,2,7,2,2,2,5,6,5,2,1,2,6,2,2,2
150,1,2,1,1,1,1,4,4,3,3,6,4,5,6,2,3,7,4,2,2
220,5,2,1,1,1,1,4,1,4,4,5,3,1,2,1,3,7,6,3,2
240,1,2,3,1,1,2,7,1,4,4,6,5,4,2,1,3,5,5,2,2
296,2,2,3,3,3,3,12,5,2,1,5,5,5,2,1,1,1,2,2,2
171,1,1,3,3,3,3,12,1,3,2,5,5,3,3,1,3,6,3,2,2
240,2,2,2,2,2,2,8,3,4,3,5,4,1,3,2,1,6,2,2,1
146,5,2,3,2,1,2,8,3,2,2,6,5,4,3,2,5,5,6,2,1
144,5,2,3,3,3,2,11,2,3,7,7,4,6,1,1,4,7,4,2,1
199,5,2,1,1,2,1,5,3,2,3,6,4,7,2,1,3,7,2,2,1
264,5,2,3,3,2,2,10,3,1,1,5,5,4,6,1,1,7,5,1,2
212,5,2,2,2,2,2,8,2,3,2,6,5,6,1,1,2,6,2,2,2
197,5,2,1,1,1,1,4,1,1,2,4,4,6,1,1,2,6,6,2,2
381,5,2,2,2,3,3,10,1,1,1,1,6,6,4,1,5,7,2,2,1
292,5,2,1,1,1,3,6,1,2,1,2,7,7,5,1,7,7,3,3,2
289,5,2,1,1,2,1,5,1,3,3,7,3,5,4,2,2,7,4,2,2
255,5,2,3,3,3,2,11,4,3,3,5,3,5,3,1,1,7,4,2,2
106,5,2,1,1,1,1,4,2,2,2,4,6,5,4,1,2,5,5,2,2
211,1,2,3,3,3,3,12,2,1,1,7,7,1,1,1,1,7,1,2,3
240,5,2,1,2,2,2,7,4,2,2,5,6,6,1,1,1,6,2,2,2
192,1,2,1,3,1,1,6,1,1,1,1,7,6,1,1,1,7,1,2,3
317,5,2,2,2,1,2,7,2,2,3,5,4,5,2,1,2,6,3,2,1
236,5,2,3,3,3,3,12,1,3,2,5,3,5,2,2,4,6,4,1,1
122,5,2,3,3,3,3,12,1,2,3,6,6,6,2,1,4,4,1,2,3
221,5,2,2,2,2,2,8,3,2,2,6,6,7,2,1,6,4,2,2,1
241,5,2,3,1,1,1,6,1,4,4,2,4,2,1,1,2,7,5,2,2
211,5,2,3,3,3,3,12,1,2,2,4,4,3,1,1,2,5,1,2,2
142,5,2,1,1,1,1,4,4,3,3,7,6,4,4,1,5,7,1,2,1
83,1,2,3,3,3,3,12,1,1,1,1,1,1,2,1,3,5,6,2,2
143,5,2,3,3,3,2,11,1,2,2,7,6,5,2,1,3,4,1,2,1
246,5,2,1,2,2,2,7,2,5,2,7,5,6,2,1,3,6,4,2,2
190,5,2,1,2,1,1,5,1,3,3,4,3,4,1,1,2,5,4,2,2
72,2,1,1,2,1,1,5,4,4,4,4,4,4,4,4,4,4,4,2,1
66,3,2,3,3,3,2,11,4,4,3,4,5,4,4,5,4,4,4,3,2
-1,1,2,2,2,2,1,7,1,4,3,7,7,6,1,2,2,2,4,3,2
482,5,2,1,3,2,3,9,2,2,2,6,6,5,6,1,3,4,4,2,2
223,1,2,3,3,2,2,10,1,3,4,2,6,6,2,1,3,7,1,3,2
388,1,2,1,2,2,2,7,1,4,3,5,5,4,3,1,2,6,2,2,2
124,5,2,3,3,3,3,12,2,3,2,6,4,5,2,1,3,5,2,3,2
173,5,3,1,3,1,3,8,3,3,6,7,4,6,4,1,6,2,6,2,1
112,5,2,3,3,3,3,12,2,4,1,6,5,7,1,2,3,6,4,2,2
234,5,2,1,3,1,3,8,3,3,2,7,5,4,4,2,3,5,7,2,2
200,5,2,1,1,1,2,5,2,4,3,7,5,5,3,1,3,7,5,2,2
190,5,2,3,3,2,2,10,3,5,2,1,1,4,1,1,5,4,3,2,2
202,1,2,3,3,3,3,12,2,2,1,3,6,2,1,1,3,3,1,3,1
178,5,2,1,3,2,2,8,2,2,1,7,5,5,7,2,4,5,3,2,2
210,5,2,1,3,2,3,9,2,3,3,6,5,5,4,1,4,7,4,2,2
213,5,2,2,2,2,3,9,2,2,2,7,6,7,2,1,4,7,7,2,1
201,1,2,2,3,3,1,9,4,3,5,6,5,4,2,1,2,7,5,2,2
103,5,2,3,3,3,3,12,1,7,1,1,1,1,4,4,4,4,4,2,1
97,1,2,1,2,2,1,6,1,3,3,2,2,6,2,1,1,7,5,2,2
109,5,2,3,3,3,3,12,1,4,6,6,7,1,1,1,3,5,7,2,2
212,5,2,3,3,3,3,12,1,5,4,6,7,5,1,1,2,5,1,2,2
197,5,2,3,3,3,3,12,1,4,4,5,6,4,5,1,5,5,4,2,2
148,5,2,3,3,3,3,12,2,4,4,7,5,7,4,1,1,7,4,2,2
163,5,2,3,3,3,2,11,3,3,2,3,5,3,2,1,3,2,3,2,2
192,5,2,1,3,2,2,8,3,2,1,5,6,4,5,1,4,7,4,2,2
161,1,2,2,2,2,3,9,3,3,1,5,2,6,2,1,1,1,1,2,1
309,5,3,2,2,3,2,9,3,5,3,6,4,3,2,1,3,3,3,1,2
400,5,2,2,2,2,2,8,2,4,4,6,2,3,5,1,3,6,2,2,2
425,5,2,2,2,3,2,9,1,2,1,7,5,1,2,1,1,7,1,2,2
334,5,2,2,2,2,2,8,3,5,3,5,6,5,4,1,2,5,5,2,2
178,1,2,1,1,1,1,4,5,3,4,6,4,5,2,1,3,7,5,2,2
178,1,2,3,3,1,3,10,1,1,1,7,3,6,1,1,6,4,5,2,1
244,5,2,2,3,2,1,8,2,2,1,6,5,5,4,2,6,7,5,0,1
231,5,2,2,3,2,2,9,2,2,1,3,5,3,2,1,2,7,2,2,2
121,5,2,3,3,3,3,12,1,2,2,2,5,4,1,1,3,7,3,2,2
858,1,2,1,2,2,1,6,5,4,4,6,5,2,1,1,1,7,7,2,2
198,5,3,3,3,1,3,10,1,2,1,5,5,1,2,1,3,3,4,3,2
239,5,2,3,3,3,3,12,1,1,3,4,4,3,2,1,1,7,1,2,2
302,1,2,2,2,3,2,9,2,2,1,7,5,7,1,1,2,5,2,2,1
124,1,1,3,3,3,3,12,5,5,5,5,5,4,2,2,4,4,3,2,1
304,5,2,3,3,3,3,12,2,2,1,7,4,6,2,1,4,7,3,3,2
261,1,1,3,1,1,1,6,3,2,2,6,4,3,3,5,6,3,6,2,2
130,5,2,3,3,3,3,12,2,5,4,7,4,1,1,1,1,7,2,2,2
259,5,3,3,3,3,3,12,1,1,1,7,7,7,1,1,1,1,4,4,1
177,5,2,3,3,3,2,11,4,6,2,5,5,7,2,2,2,5,1,2,2
165,1,3,1,3,1,1,6,3,3,4,5,6,4,2,2,2,6,2,2,2
176,1,2,3,1,2,3,9,4,1,3,5,7,4,5,1,1,7,7,3,2
158,5,2,1,1,3,2,7,2,3,2,7,3,5,2,1,2,7,5,2,2
255,1,2,1,1,1,1,4,2,4,3,5,4,7,4,1,1,7,5,2,2
172,5,2,3,2,1,2,8,2,3,2,5,5,6,4,1,1,7,1,2,2
172,5,2,3,3,3,3,12,2,5,2,7,6,6,4,2,5,7,2,2,1
202,1,2,3,3,3,2,11,1,1,1,7,7,7,7,7,7,1,1,2,1
260,5,2,1,2,1,1,5,1,3,3,7,6,6,2,2,1,3,3,2,1
191,5,2,3,3,3,2,11,1,2,1,6,7,7,2,1,4,3,2,2,1
255,5,2,1,2,2,2,7,4,3,3,6,5,3,2,2,5,6,5,2,1
145,5,2,3,3,1,2,9,5,3,1,1,2,5,7,5,2,3,5,2,1
234,5,2,2,3,3,2,10,4,7,2,7,5,6,5,1,4,6,5,2,1
190,5,2,1,2,3,2,8,1,2,2,6,5,7,3,3,5,3,5,3,1
167,1,2,3,3,3,3,12,2,2,4,2,2,4,1,1,7,4,3,3,1
274,5,2,2,2,2,2,8,1,2,1,7,7,7,2,1,3,4,1,2,1
132,5,2,3,2,2,1,8,2,2,3,2,3,3,1,2,2,6,3,2,2
178,5,2,2,2,2,2,8,1,2,1,7,5,5,3,1,4,3,1,2,1
150,1,2,3,3,3,3,12,2,3,2,6,3,4,6,1,6,5,4,2,1
114,5,2,3,3,3,1,10,1,1,1,1,1,1,2,1,4,5,1,2,2
204,5,2,1,3,2,2,8,3,4,3,5,5,6,4,1,5,4,4,2,2
179,5,2,1,1,1,1,4,1,1,1,1,1,7,1,1,7,1,1,2,1
165,5,2,1,2,2,2,7,5,3,4,6,5,6,1,1,1,7,4,2,2
144,5,2,1,1,1,1,4,2,2,4,4,4,4,3,3,3,6,4,2,2
220,5,2,2,1,2,2,7,3,3,2,6,3,5,2,2,2,7,4,2,2
189,5,2,3,1,1,1,6,2,2,1,3,5,5,1,1,2,7,7,2,2
148,5,2,1,3,2,3,9,3,2,2,5,6,5,3,1,2,6,4,2,2
267,1,2,3,1,2,1,7,3,3,2,7,4,4,4,1,1,5,4,2,2
245,5,2,3,3,3,3,12,1,1,1,4,3,4,1,1,1,3,3,2,2
147,5,2,3,3,3,3,12,1,1,1,1,1,1,1,1,1,1,1,2,2
149,5,2,3,3,3,2,11,1,2,1,1,1,1,3,1,1,7,1,1,2
259,5,2,1,1,1,1,4,2,2,1,4,5,4,4,1,4,7,6,2,2
325,5,2,2,2,2,1,7,2,2,2,3,3,2,4,1,3,5,3,2,2
238,5,2,2,2,2,2,8,3,3,3,4,4,5,2,2,7,2,5,3,1
275,5,2,1,2,1,3,7,1,3,3,4,5,4,3,1,2,7,4,3,2
285,5,2,1,1,1,1,4,3,2,4,7,5,7,7,6,7,2,5,2,1
500,5,3,2,2,3,2,9,2,2,1,6,5,7,1,1,5,5,4,3,1
169,5,2,2,3,2,2,9,3,2,1,7,5,5,3,1,3,6,6,2,1
254,5,2,3,3,3,3,12,3,4,4,4,4,5,2,1,2,5,2,2,2
202,1,2,1,2,2,1,6,2,2,2,3,3,6,3,1,3,5,4,2,2
272,5,2,3,3,3,3,12,1,2,2,6,4,4,2,3,5,7,4,3,2
201,5,2,2,3,2,2,9,1,1,1,3,6,7,4,1,2,7,2,4,2
735,5,2,2,2,1,1,6,1,2,4,4,3,6,1,1,5,7,5,2,1
315,1,2,1,2,1,2,6,3,2,1,5,5,5,3,1,4,5,4,2,2
234,5,3,2,1,1,2,6,2,2,2,6,3,5,5,1,4,6,3,2,1
355,5,2,2,2,2,2,8,4,2,2,6,3,5,5,1,1,4,5,2,2
415,1,2,1,3,3,2,9,2,1,2,5,3,5,2,1,5,3,5,2,1
192,1,2,2,2,2,1,7,2,3,2,4,5,5,3,1,5,3,2,2,1
87,5,2,3,3,3,3,12,1,1,4,1,1,1,2,6,5,6,5,2,2
211,5,2,3,3,3,2,11,5,4,5,6,4,3,5,5,5,4,4,2,1
256,5,2,1,2,1,2,6,2,1,1,5,7,6,1,1,5,5,2,2,1
205,1,2,1,3,3,1,8,3,2,1,7,7,7,5,3,5,6,7,2,1
270,5,2,1,2,2,2,7,4,2,2,6,5,5,2,1,6,7,7,2,1
187,2,2,3,3,3,3,12,1,1,1,7,4,5,1,1,1,6,1,2,2
175,3,3,3,3,3,2,11,1,2,1,7,6,4,2,1,1,6,2,2,2
140,2,2,3,3,2,3,11,1,1,4,7,4,7,1,1,7,6,7,2,2
245,5,2,3,3,1,1,8,3,2,2,7,5,5,3,1,2,7,4,2,2
-1,5,2,2,2,3,2,9,1,1,1,5,3,1,3,1,3,5,2,2,2
301,1,2,3,3,3,3,12,1,3,3,5,2,2,1,1,1,7,2,2,2
183,5,2,3,3,3,3,12,1,3,2,7,3,5,4,1,2,7,3,2,2
309,5,2,1,1,1,1,4,2,2,1,5,5,7,2,1,1,7,4,2,2
315,5,2,1,1,1,2,5,4,3,2,4,4,7,6,2,4,6,2,2,2
319,5,2,2,1,1,2,6,2,1,1,5,2,3,5,2,1,5,3,2,2
219,1,2,2,1,1,1,5,2,2,1,6,5,6,2,1,1,6,5,2,1
205,5,2,3,3,3,3,12,2,2,2,7,7,3,1,1,1,7,1,2,2
181,5,2,2,2,1,2,7,4,5,2,3,7,7,4,1,5,7,1,2,2
299,5,1,2,3,3,2,10,3,3,1,5,4,6,4,2,6,4,2,2,1
353,5,3,2,2,1,2,7,2,2,2,7,4,5,2,2,3,3,3,3,1
305,5,2,3,3,3,3,12,1,2,1,7,7,7,1,1,2,6,1,3,1
635,5,3,3,3,3,2,11,1,1,1,7,6,7,2,1,3,5,1,3,3
330,1,2,1,2,2,2,7,1,1,1,1,6,7,1,1,3,5,1,2,2
251,1,2,2,2,2,2,8,1,1,1,7,7,4,1,1,1,4,1,3,2
225,1,2,3,3,3,3,12,1,1,1,5,7,4,3,1,5,1,1,3,2
167,1,2,2,3,3,2,10,1,2,1,7,7,5,2,1,3,4,1,2,1
246,5,2,2,2,2,2,8,1,2,2,5,6,5,5,1,2,5,2,2,2
241,5,2,1,2,2,1,6,1,2,3,7,1,7,2,1,4,1,5,2,1
262,5,2,2,1,1,2,6,2,1,2,5,4,6,2,2,3,2,4,2,1
319,5,2,2,2,3,2,9,1,3,1,7,7,7,1,1,3,7,1,2,2
158,5,2,3,3,3,3,12,1,1,1,1,1,1,7,1,1,7,1,2,2
194,1,3,1,1,1,2,5,6,3,2,5,3,6,3,1,3,5,5,3,2
164,5,2,1,1,1,1,4,1,2,1,4,7,7,1,1,1,7,7,3,2
206,1,2,1,2,3,3,9,1,1,2,5,5,6,2,1,4,5,2,3,1
268,1,2,2,3,1,1,7,1,3,3,6,4,4,2,1,1,6,2,2,2
268,5,2,3,2,1,1,7,1,1,1,7,3,2,2,1,1,7,4,2,2
315,5,2,3,3,3,3,12,1,1,1,6,5,6,2,1,3,7,4,2,1
-1,5,2,3,3,3,3,12,1,1,1,4,5,4,2,1,1,5,7,2,3
320,5,2,3,3,3,3,12,3,2,3,3,4,2,3,1,1,7,1,2,2
190,1,2,3,2,2,2,9,1,2,2,7,4,7,2,1,5,4,1,2,1
584,5,2,2,3,1,2,8,4,2,2,4,6,3,1,1,2,6,4,2,2
190,5,2,2,2,2,2,8,3,2,2,6,6,5,2,1,4,6,2,2,2
148,1,2,1,1,1,1,4,2,4,1,6,7,6,4,1,3,7,5,2,2
203,5,2,3,3,3,3,12,1,1,3,1,1,7,1,1,1,1,1,2,2
1004,5,2,1,3,3,2,9,2,3,2,5,7,5,2,1,1,7,2,2,2
349,5,2,1,1,3,3,8,3,2,2,5,7,5,1,1,2,7,4,2,2
213,5,3,2,2,1,2,7,2,2,2,6,4,3,1,2,3,2,4,2,1
210,5,2,3,3,3,3,12,1,4,3,5,7,7,1,1,2,6,1,2,2
192,5,2,1,1,1,1,4,2,1,1,7,5,5,1,1,4,5,7,2,1
84,5,2,2,3,2,2,9,4,4,4,4,5,4,5,5,4,5,4,2,1
188,1,3,3,3,3,2,11,2,3,3,5,3,5,2,1,2,7,4,2,2
165,5,2,3,3,3,2,11,1,2,1,6,6,6,2,1,3,5,2,2,2
79,1,2,3,3,3,3,12,1,1,2,7,1,1,1,1,3,2,3,3,2
181,5,2,1,1,1,1,4,1,1,1,2,1,6,1,1,2,2,5,3,2
136,1,1,3,3,3,3,12,2,2,2,2,2,2,6,1,3,2,3,2,2
109,1,2,2,2,2,2,8,5,5,5,6,7,5,2,2,3,5,3,3,1
207,5,2,3,3,3,3,12,3,2,3,2,3,6,2,1,2,7,2,2,2
168,1,2,3,3,2,3,11,4,3,3,5,6,3,2,1,3,7,1,3,1
314,5,2,1,1,2,1,5,5,3,2,6,4,6,6,3,5,3,6,2,1
202,5,2,1,2,1,2,6,1,1,1,1,1,2,5,5,5,4,3,2,1
257,1,2,3,3,2,3,11,1,1,5,1,7,5,3,2,4,6,4,2,1
145,5,2,1,2,2,2,7,1,2,2,6,6,5,3,3,2,5,4,2,2
248,5,2,1,2,3,2,8,1,1,3,6,5,4,4,1,1,3,2,2,2
375,5,2,3,1,3,3,10,1,3,1,6,6,6,2,1,5,6,2,2,1
539,5,2,1,2,1,1,5,1,1,3,5,6,5,1,1,5,7,5,2,1
295,5,2,1,3,2,3,9,2,2,3,5,4,6,3,2,5,5,4,2,1
198,1,2,2,3,2,2,9,2,3,4,2,1,5,2,1,3,2,3,3,1
479,1,3,1,1,2,1,5,2,4,5,7,4,3,2,3,5,7,3,2,2
448,1,2,1,1,1,2,5,3,4,3,6,4,5,2,1,6,4,3,2,1
240,1,2,1,2,1,1,5,4,4,3,5,4,5,4,3,4,5,4,2,1
373,5,2,2,2,2,2,8,1,2,2,7,4,7,5,3,3,4,1,3,1
138,5,2,2,2,3,1,8,2,3,1,1,6,7,3,1,3,6,1,3,2
233,5,2,1,1,1,3,6,2,2,2,3,3,5,2,3,3,2,5,2,1
171,5,2,3,3,3,1,10,2,1,2,2,7,4,2,1,7,7,4,3,1
99,5,1,3,3,3,3,12,5,6,4,3,3,2,7,4,1,2,4,2,2
183,5,1,3,3,3,3,12,3,2,3,1,4,7,3,1,5,4,2,2,1
114,5,3,3,3,3,3,12,1,1,1,1,1,1,5,1,1,7,1,2,2
86,5,1,3,3,3,3,12,1,1,1,1,1,1,1,1,1,1,1,2,1
323,1,2,1,1,1,1,4,3,2,2,6,3,5,3,1,7,7,4,2,1
492,5,1,3,3,3,2,11,7,2,5,4,5,4,5,5,4,5,4,2,2
307,5,2,1,1,1,1,4,1,2,2,5,6,6,2,1,2,4,5,2,2
230,5,1,3,3,3,3,12,2,2,1,1,2,1,2,2,2,6,3,3,1
207,5,3,2,2,1,2,7,1,2,1,4,6,4,4,1,2,6,1,2,1
381,5,2,1,2,1,1,5,2,2,2,7,3,7,3,1,4,2,3,2,1
272,5,2,2,2,3,2,9,2,2,1,6,5,6,3,1,2,5,3,2,2
293,5,2,1,2,3,2,8,3,2,2,5,6,6,7,1,3,5,1,2,2
120,5,1,3,3,3,3,12,7,2,1,7,5,6,2,1,5,5,3,2,1
249,5,3,1,2,1,1,5,4,5,3,6,4,6,1,2,2,2,4,2,2
260,1,1,1,1,2,1,5,4,2,2,3,4,5,3,1,3,7,5,2,2
169,5,2,1,3,2,2,8,1,1,1,1,1,2,1,1,5,2,2,2,2
289,5,2,2,2,2,2,8,1,2,1,4,6,7,2,1,1,7,1,2,2
200,1,2,3,2,2,2,9,3,3,3,6,6,5,3,1,3,4,2,2,1
368,3,2,2,2,2,2,8,1,4,2,3,5,5,3,1,2,5,2,3,2
55,2,1,1,1,2,1,5,4,4,4,4,4,4,4,4,6,1,4,2,1
219,1,1,3,3,3,2,11,3,3,3,7,5,3,5,1,3,7,3,2,2
217,1,2,3,3,3,2,11,3,2,2,7,5,3,4,1,1,7,2,2,2
167,5,2,1,1,1,1,4,3,2,2,6,3,3,3,2,2,5,3,2,2
203,1,2,2,3,3,1,9,2,3,2,7,7,7,4,1,5,6,4,2,1
491,5,3,2,1,1,2,6,3,2,2,3,3,6,1,1,2,7,2,2,2
278,1,2,1,2,2,3,8,4,4,4,4,4,4,1,1,1,1,4,3,2
215,1,2,2,2,2,2,8,2,4,3,6,5,5,2,1,3,6,2,2,1
133,5,2,1,2,1,2,6,2,2,2,6,3,4,2,1,2,3,2,3,2
270,5,2,3,3,2,2,10,2,2,2,6,5,3,3,1,2,7,5,2,2
151,5,2,2,2,2,3,9,3,3,1,7,2,1,2,1,2,7,1,2,2
173,5,3,3,3,3,3,12,1,3,2,7,5,7,1,1,1,7,1,2,1
188,5,2,1,2,2,2,7,1,2,1,7,3,6,5,1,4,7,3,2,2
259,5,2,3,3,3,3,12,1,3,7,7,5,2,1,2,5,7,4,3,1
121,5,2,1,1,1,1,4,5,2,1,7,3,5,3,2,7,3,6,2,1
221,5,1,2,2,2,3,9,7,4,3,6,6,4,1,1,1,7,5,2,1
148,5,2,2,3,3,2,10,1,1,1,5,7,6,2,2,4,3,1,3,1
228,5,2,1,2,1,2,6,1,3,2,7,2,6,3,1,1,7,2,2,1
283,5,2,3,1,1,3,8,1,3,3,5,4,6,3,2,5,5,3,2,2
201,5,2,1,1,1,1,4,5,2,3,6,6,7,5,3,3,3,5,2,1
390,5,2,1,1,1,3,6,3,2,2,6,5,6,4,2,3,4,5,2,1
302,1,1,1,1,2,1,5,2,4,2,1,3,4,5,1,5,3,5,2,1
201,5,2,3,3,3,3,12,1,5,5,7,5,4,3,1,2,5,4,2,1
329,5,2,1,1,1,3,6,1,1,4,5,6,3,2,1,5,2,6,2,1
225,1,2,1,1,1,1,4,1,1,1,5,7,5,2,1,2,3,2,2,1
199,5,2,1,2,2,2,7,3,5,1,7,6,5,3,1,4,7,2,2,1
328,5,2,2,3,1,2,8,1,2,2,6,4,2,1,1,5,6,2,2,2
391,5,2,2,3,2,2,9,2,3,2,6,5,4,4,1,5,5,3,2,1
206,5,2,1,3,1,1,6,2,3,3,5,6,5,3,1,2,7,7,2,2
291,5,2,1,3,2,2,8,2,2,2,6,5,2,2,1,3,6,2,2,1
46,5,2,1,1,1,3,6,5,6,3,5,6,6,5,6,6,5,5,2,2
85,1,1,2,3,3,1,9,4,3,5,4,3,5,4,3,5,4,4,2,1